Year,ISO_Code,Countries,PERSONAL FREEDOM (Score),ECONOMIC FREEDOM (Score),HUMAN FREEDOM (Score),HUMAN FREEDOM (Rank),HUMAN FREEDOM (Quartile)
2015,ALB,Albania,7.78,7.54,7.66,47,2
2015,DZA,Algeria,5.25,4.84,5.05,153,4
2015,AGO,Angola,5.72,5.4,5.56,142,4
2015,ARG,Argentina,8.05,4.88,6.46,108,3
2015,ARM,Armenia,7.11,7.6,7.36,54,2
2015,AUS,Australia,9.22,7.99,8.6,5,1
2015,AUT,Austria,9.38,7.66,8.52,12,1
2015,AZE,Azerbaijan,5.83,6.38,6.1,128,4
2015,BHS,Bahamas,7.5,7.3,7.4,53,2
2015,BHR,Bahrain,6,7.38,6.69,88,3
2015,BGD,Bangladesh,5.52,6.32,5.92,133,4
2015,BRD,Barbados,7.2,6.47,6.83,78,2
2015,BEL,Belgium,9.19,7.44,8.31,22,1
2015,BLZ,Belize,6.37,6.5,6.43,112,3
2015,BEN,Benin,7.45,5.77,6.61,97,3
2015,BTN,Bhutan,6.62,7.11,6.87,75,2
2015,BOL,Bolivia,7.13,6.03,6.58,100,3
2015,BIH,Bosnia and Herzegovina,7.93,6.61,7.27,57,2
2015,BWA,Botswana,6.87,7.37,7.12,63,2
2015,BRA,Brazil,6.89,5.75,6.32,120,4
2015,BRN,Brunei Darussalam,6.08,6.76,6.42,115,3
2015,BGR,Bulgaria,8.26,7.39,7.83,41,2
2015,BFA,Burkina Faso,7.41,5.87,6.64,94,3
2015,BDI,Burundi,4.47,6.08,5.27,150,4
2015,KHM,Cambodia,7.26,7.21,7.23,58,2
2015,CMR,Cameroon,4.95,5.92,5.44,145,4
2015,CAN,Canada,9.13,7.94,8.54,11,1
2015,CPV,Cape Verde,8.35,6.66,7.51,49,2
2015,CAF,Central African Republic,5.69,4.62,5.16,151,4
2015,TCD,Chad,5.5,5.26,5.38,148,4
2015,CHL,Chile,8.23,7.77,8,37,1
2015,CHN,China,5.62,6.4,6.01,130,4
2015,COL,Colombia,6.9,6.4,6.65,93,3
2015,COD,"Congo, Democratic Republic of",4.83,5.45,5.14,152,4
2015,COG,"Congo, Republic of",6.65,4.81,5.73,137,4
2015,CRI,Costa Rica,8.26,7.52,7.89,38,1
2015,CIV,Cote d'Ivoire,6.88,5.88,6.38,117,3
2015,HRV,Croatia,8.48,7.02,7.75,43,2
2015,CYP,Cyprus,8.64,7.79,8.21,25,1
2015,CZE,Czech Republic,8.96,7.46,8.21,25,1
2015,DNK,Denmark,9.36,7.77,8.56,8,1
2015,DOM,Dominican Republic,6.78,7.21,7,70,2
2015,ECU,Ecuador,7.48,5.88,6.68,89,3
2015,EGY,Egypt,3.86,5.73,4.79,155,4
2015,SLV,El Salvador,7.05,7.13,7.09,67,2
2015,EST,Estonia,9.01,7.95,8.48,13,1
2015,ETH,Ethiopia,5.25,5.53,5.39,146,4
2015,FJI,Fiji,7.68,6.68,7.18,62,2
2015,FIN,Finland,9.4,7.75,8.58,6,1
2015,FRA,France,8.74,7.33,8.04,33,1
2015,GAB,Gabon,5.28,5.76,5.52,143,4
2015,GMB,"Gambia, The",5.46,7.24,6.35,119,3
2015,GEO,Georgia,7.74,8.01,7.87,40,1
2015,DEU,Germany,9.22,7.69,8.45,16,1
2015,GHA,Ghana,7.67,6.53,7.1,65,2
2015,GRC,Greece,8.06,6.36,7.21,60,2
2015,GTM,Guatemala,6.52,7.69,7.11,64,2
2015,GIN,Guinea,5.46,5.75,5.6,140,4
2015,GNB,GuineaBissau,6.91,5.65,6.28,121,4
2015,GUY,Guyana,6.6,6.45,6.53,104,3
2015,HTI,Haiti,7.14,6.53,6.83,78,3
2015,HND,Honduras,6.28,7.3,6.79,81,3
2015,HKG,Hong Kong,8.79,8.97,8.88,2,1
2015,HUN,Hungary,8.19,7.3,7.74,44,2
2015,ISL,Iceland,9.01,7.23,8.12,31,1
2015,IND,India,6.46,6.63,6.55,102,3
2015,IDN,Indonesia,6.67,7,6.83,78,2
2015,IRN,Iran,4.35,5.31,4.83,154,4
2015,IRL,Ireland,9.17,8.19,8.68,4,1
2015,ISR,Israel,7.87,7.49,7.68,46,2
2015,ITA,Italy,8.74,7.3,8.02,35,1
2015,JAM,Jamaica,7.15,7.3,7.22,59,2
2015,JPN,Japan,8.93,7.47,8.2,27,1
2015,JOR,Jordan,6.21,7.47,6.84,76,2
2015,KAZ,Kazakhstan,6.49,7.18,6.84,76,2
2015,KEN,Kenya,6.24,7.11,6.68,89,3
2015,KOR,"Korea, Republic of",8.79,7.54,8.17,29,1
2015,KWT,Kuwait,5.7,6.62,6.16,125,4
2015,KGZ,Kyrgyz Republic,6.21,6.89,6.55,102,3
2015,LAO,Laos,5.98,6.98,6.48,106,3
2015,LVA,Latvia,8.72,7.75,8.23,24,1
2015,LBN,Lebanon,6.01,6.91,6.46,108,3
2015,LSO,Lesotho,6.68,6.58,6.63,96,3
2015,LBR,Liberia,6.37,6.8,6.58,100,3
2015,LBY,Libya,3.79,4.95,4.37,157,4
2015,LTU,Lithuania,8.75,7.92,8.34,18,1
2015,LUX,Luxembourg,9.33,7.63,8.48,13,1
2015,MKD,Macedonia,7.25,7.17,7.21,60,2
2015,MDG,Madagascar,7.14,6.44,6.79,81,3
2015,MWI,Malawi,7.46,5.86,6.66,91,3
2015,MYS,Malaysia,6.02,7.19,6.61,97,3
2015,MLI,Mali,5.88,5.9,5.89,136,4
2015,MLT,Malta,8.95,7.7,8.33,21,1
2015,MRT,Mauritania,5.75,5.56,5.66,139,4
2015,MUS,Mauritius,7.73,8.04,7.88,39,1
2015,MEX,Mexico,6.92,6.95,6.93,73,2
2015,MDA,Moldova,7,6.56,6.78,83,3
2015,MNG,Mongolia,7.57,7.43,7.5,50,2
2015,MNE,Montenegro,8.11,6.77,7.44,51,2
2015,MAR,Morocco,6.18,6.29,6.23,122,4
2015,MOZ,Mozambique,6.85,5.62,6.23,122,4
2015,MMR,Myanmar,5.67,5.26,5.47,144,4
2015,NAM,Namibia,7.28,6.76,7.02,69,2
2015,NPL,Nepal,7.3,6.49,6.9,74,2
2015,NLD,Netherlands,9.37,7.74,8.55,9,1
2015,NZL,New Zealand,9.25,8.48,8.86,3,1
2015,NIC,Nicaragua,6.16,7.28,6.72,87,3
2015,NER,Niger,5.73,5.74,5.73,137,4
2015,NGA,Nigeria,5.45,6.38,5.92,133,4
2015,NOR,Norway,9.47,7.67,8.57,7,1
2015,OMN,Oman,5.6,6.62,6.11,126,4
2015,PAK,Pakistan,5.21,5.93,5.57,141,4
2015,PAN,Panama,7.71,7.59,7.65,48,2
2015,PNG,Papua New Guinea,7.11,6.42,6.76,86,3
2015,PRY,Paraguay,6.99,6.91,6.95,72,2
2015,PER,Peru,7.44,7.44,7.44,51,2
2015,PHL,Philippines,6.46,7.47,6.97,71,2
2015,POL,Poland,8.81,7.34,8.08,32,1
2015,PRT,Portugal,9.09,7.53,8.31,22,1
2015,QAT,Qatar,5.42,7.43,6.43,112,3
2015,ROU,Romania,8.66,7.72,8.19,28,1
2015,RUS,Russia,5.63,6.6,6.11,126,4
2015,RWA,Rwanda,6.63,7.57,7.1,65,2
2015,SAU,Saudi Arabia,4.5,6.24,5.37,149,4
2015,SEN,Senegal,6.76,6.16,6.46,108,3
2015,SRB,Serbia,7.85,6.75,7.3,55,2
2015,SYC,Seychelles,8.01,7.42,7.71,45,2
2015,SLE,Sierra Leone,7.17,5.78,6.47,107,3
2015,SGP,Singapore,7.86,8.81,8.34,18,1
2015,SVK,Slovakia,8.76,7.31,8.04,33,1
2015,SVN,Slovenia,9.02,7,8.01,36,1
2015,ZAF,South Africa,7.5,6.63,7.07,68,2
2015,ESP,Spain,8.77,7.51,8.14,30,1
2015,LKA,Sri Lanka,5.17,6.65,5.91,135,4
2015,SUR,Suriname,7.91,6.67,7.29,56,2
2015,SWZ,Swaziland,6.53,6.79,6.66,91,3
2015,SWE,Sweden,9.32,7.65,8.48,13,1
2015,CHE,Switzerland,9.33,8.44,8.89,1,1
2015,SYR,Syria,2.86,5.22,4.04,159,4
2015,TWN,Taiwan,8.98,7.7,8.34,18,1
2015,TJK,Tajikistan,5.93,6.8,6.37,118,3
2015,TZA,Tanzania,6.27,6.92,6.59,99,3
2015,THA,Thailand,6.29,6.75,6.52,105,3
2015,TLS,TimorLeste,5.62,6.29,5.96,131,4
2015,TGO,Togo,6.44,5.7,6.07,129,4
2015,TTO,Trinidad and Tobago,7.04,6.5,6.77,84,3
2015,TUN,Tunisia,6.55,6.32,6.44,111,3
2015,TUR,Turkey,6.71,6.82,6.77,84,3
2015,UGA,Uganda,6.03,7.25,6.64,94,3
2015,UKR,Ukraine,6.53,5.38,5.95,132,4
2015,ARE,United Arab Emirates,5.29,7.5,6.39,116,3
2015,GBR,United Kingdom,9.05,8.05,8.55,9,1
2015,USA,United States,8.83,7.94,8.39,17,1
2015,URY,Uruguay,8.43,7.16,7.79,42,2
2015,VEN,Venezuela,5.76,2.92,4.34,158,4
2015,VNM,Vietnam,6.05,6.3,6.17,124,4
2015,YEM,"Yemen, Rep.",3.02,6.17,4.59,156,4
2015,ZMB,Zambia,6.1,6.75,6.43,112,3
2015,ZWE,Zimbabwe,5.17,5.61,5.39,146,4
2014,ALB,Albania,7.61,7.48,7.54,50,2
2014,DZA,Algeria,5.1,5.01,5.05,152,4
2014,AGO,Angola,5.6,5.13,5.37,148,4
2014,ARG,Argentina,8.17,4.49,6.33,122,4
2014,ARM,Armenia,7.09,7.7,7.39,54,2
2014,AUS,Australia,9.27,8.02,8.65,5,1
2014,AUT,Austria,9.42,7.68,8.55,11,1
2014,AZE,Azerbaijan,5.84,6.4,6.12,131,4
2014,BHS,Bahamas,7.42,7.3,7.36,55,2
2014,BHR,Bahrain,5.84,7.36,6.6,102,3
2014,BGD,Bangladesh,5.57,6.3,5.94,137,4
2014,BRD,Barbados,7.26,6.63,6.94,78,2
2014,BEL,Belgium,9.12,7.59,8.36,17,1
2014,BLZ,Belize,6.25,6.47,6.36,121,4
2014,BEN,Benin,7.46,5.94,6.7,91,3
2014,BTN,Bhutan,6.89,6.99,6.94,78,2
2014,BOL,Bolivia,7.64,6.21,6.92,83,3
2014,BIH,Bosnia and Herzegovina,7.9,6.79,7.34,56,2
2014,BWA,Botswana,6.33,7.3,6.82,85,3
2014,BRA,Brazil,7.37,5.93,6.65,97,3
2014,BRN,Brunei Darussalam,7.09,7.18,7.13,63,2
2014,BGR,Bulgaria,8.34,7.37,7.86,43,2
2014,BFA,Burkina Faso,7.56,6.02,6.79,87,3
2014,BDI,Burundi,6.42,5.97,6.2,128,4
2014,KHM,Cambodia,6.77,7.16,6.96,74,2
2014,CMR,Cameroon,6.12,6.03,6.07,134,4
2014,CAN,Canada,9.19,8.2,8.7,4,1
2014,CPV,Cape Verde,8.55,6.56,7.56,49,2
2014,CAF,Central African Republic,4.94,4.99,4.97,154,4
2014,TCD,Chad,5.64,4.97,5.3,149,4
2014,CHL,Chile,8.17,7.84,8.01,37,1
2014,CHN,China,5.55,6.38,5.97,136,4
2014,COL,Colombia,6.48,6.46,6.47,109,3
2014,COD,"Congo, Democratic Republic of",4.79,5.03,4.91,156,4
2014,COG,"Congo, Republic of",6.81,4.62,5.71,141,4
2014,CRI,Costa Rica,8.31,7.5,7.9,40,1
2014,CIV,Cote d'Ivoire,6.78,5.99,6.39,118,3
2014,HRV,Croatia,8.56,7.01,7.79,45,2
2014,CYP,Cyprus,8.8,7.44,8.12,29,1
2014,CZE,Czech Republic,9.12,7.46,8.29,21,1
2014,DNK,Denmark,9.48,7.8,8.64,6,1
2014,DOM,Dominican Republic,7.22,7.27,7.25,59,2
2014,ECU,Ecuador,7.65,5.66,6.66,96,3
2014,EGY,Egypt,4.68,5.81,5.25,150,4
2014,SLV,El Salvador,7.24,7.34,7.29,58,2
2014,EST,Estonia,8.98,7.8,8.39,16,1
2014,ETH,Ethiopia,5.7,5.46,5.58,142,4
2014,FJI,Fiji,7.45,6.6,7.03,68,2
2014,FIN,Finland,9.44,7.79,8.62,7,1
2014,FRA,France,8.81,7.36,8.09,32,1
2014,GAB,Gabon,6.04,5.57,5.81,140,4
2014,GMB,"Gambia, The",5.86,7.35,6.61,99,3
2014,GEO,Georgia,7.76,8.02,7.89,42,2
2014,DEU,Germany,9.34,7.67,8.51,12,1
2014,GHA,Ghana,8.07,6.41,7.24,60,2
2014,GRC,Greece,8.1,6.81,7.45,51,2
2014,GTM,Guatemala,6.74,7.65,7.19,62,2
2014,GIN,Guinea,5.45,5.62,5.53,143,4
2014,GNB,GuineaBissau,6.74,5.44,6.09,133,4
2014,GUY,Guyana,6.56,6.22,6.39,118,3
2014,HTI,Haiti,7.37,6.58,6.98,72,2
2014,HND,Honduras,6.01,7.2,6.61,99,3
2014,HKG,Hong Kong,9.07,8.99,9.03,1,1
2014,HUN,Hungary,8.64,7.36,8,38,1
2014,ISL,Iceland,9.29,7.18,8.24,25,1
2014,IND,India,6.91,6.23,6.57,105,3
2014,IDN,Indonesia,6.89,7.02,6.95,75,2
2014,IRN,Iran,4.06,4.98,4.52,159,4
2014,IRL,Ireland,9.1,8.09,8.6,8,1
2014,ISR,Israel,7.42,7.46,7.44,53,2
2014,ITA,Italy,8.83,7.25,8.04,34,1
2014,JAM,Jamaica,7.24,7.18,7.21,61,2
2014,JPN,Japan,8.86,7.55,8.21,26,1
2014,JOR,Jordan,5.97,7.54,6.76,89,3
2014,KAZ,Kazakhstan,6.21,7.22,6.71,90,3
2014,KEN,Kenya,6.45,7.1,6.78,88,3
2014,KOR,"Korea, Republic of",8.65,7.55,8.1,30,1
2014,KWT,Kuwait,5.86,6.81,6.33,122,4
2014,KGZ,Kyrgyz Republic,6.17,6.98,6.58,103,3
2014,LAO,Laos,6.29,6.95,6.62,98,3
2014,LVA,Latvia,8.74,7.81,8.28,22,1
2014,LBN,Lebanon,5.94,6.9,6.42,112,3
2014,LSO,Lesotho,6.56,6.59,6.58,103,3
2014,LBR,Liberia,6.23,7.14,6.68,92,3
2014,LBY,Libya,4.52,4.78,4.65,157,4
2014,LTU,Lithuania,8.77,7.91,8.34,20,1
2014,LUX,Luxembourg,9.25,7.78,8.51,12,1
2014,MKD,Macedonia,7.37,7.24,7.31,57,2
2014,MDG,Madagascar,7.68,6.41,7.05,67,2
2014,MWI,Malawi,7.41,5.94,6.67,93,3
2014,MYS,Malaysia,5.83,7.1,6.47,109,3
2014,MLI,Mali,6.26,5.98,6.12,131,4
2014,MLT,Malta,8.91,7.8,8.36,17,1
2014,MRT,Mauritania,5.29,5.6,5.44,145,4
2014,MUS,Mauritius,8.14,8.02,8.08,33,1
2014,MEX,Mexico,6.98,6.93,6.95,75,2
2014,MDA,Moldova,7.52,6.65,7.09,66,2
2014,MNG,Mongolia,7.94,7.39,7.66,48,2
2014,MNE,Montenegro,8.1,7.23,7.67,47,2
2014,MAR,Morocco,6.15,6.28,6.22,126,4
2014,MOZ,Mozambique,7.27,5.75,6.51,108,3
2014,MMR,Myanmar,4.99,5.41,5.2,151,4
2014,NAM,Namibia,7.26,6.97,7.11,64,2
2014,NPL,Nepal,7.26,6.45,6.86,84,3
2014,NLD,Netherlands,9.27,7.74,8.51,12,1
2014,NZL,New Zealand,9.12,8.48,8.8,3,1
2014,NIC,Nicaragua,6.59,7.31,6.95,75,2
2014,NER,Niger,6.14,5.9,6.02,135,4
2014,NGA,Nigeria,5.26,6.38,5.82,139,4
2014,NOR,Norway,9.55,7.62,8.58,9,1
2014,OMN,Oman,5.7,7.05,6.37,120,4
2014,PAK,Pakistan,4.99,5.89,5.44,145,4
2014,PAN,Panama,7.88,7.48,7.68,46,2
2014,PNG,Papua New Guinea,6.87,6.48,6.67,93,3
2014,PRY,Paraguay,7.12,6.87,7,71,2
2014,PER,Peru,7.38,7.53,7.45,51,2
2014,PHL,Philippines,6.15,7.45,6.8,86,3
2014,POL,Poland,9.12,7.43,8.28,22,1
2014,PRT,Portugal,9.1,7.6,8.35,19,1
2014,QAT,Qatar,5.19,7.68,6.43,111,3
2014,ROU,Romania,8.6,7.74,8.17,28,1
2014,RUS,Russia,6.27,6.58,6.42,112,3
2014,RWA,Rwanda,6.49,7.39,6.94,78,2
2014,SAU,Saudi Arabia,4.23,6.55,5.39,147,4
2014,SEN,Senegal,6.61,6.23,6.42,112,3
2014,SRB,Serbia,7.5,6.71,7.11,64,2
2014,SYC,Seychelles,8.34,7.46,7.9,40,1
2014,SLE,Sierra Leone,6.29,6,6.14,130,4
2014,SGP,Singapore,7.29,8.79,8.04,34,1
2014,SVK,Slovakia,8.76,7.44,8.1,30,1
2014,SVN,Slovenia,8.98,7.01,7.99,39,1
2014,ZAF,South Africa,7.2,6.67,6.93,81,3
2014,ESP,Spain,8.62,7.45,8.03,36,1
2014,LKA,Sri Lanka,5.82,6.58,6.2,128,4
2014,SUR,Suriname,7.42,6.61,7.02,70,2
2014,SWZ,Swaziland,5.96,6.83,6.4,116,3
2014,SWE,Sweden,9.29,7.62,8.45,15,1
2014,CHE,Switzerland,9.34,8.37,8.85,2,1
2014,SYR,Syria,3.9,5.21,4.55,158,4
2014,TWN,Taiwan,8.71,7.71,8.21,26,1
2014,TJK,Tajikistan,7.13,6.82,6.98,72,2
2014,TZA,Tanzania,6.46,6.76,6.61,99,3
2014,THA,Thailand,6.77,6.56,6.67,93,3
2014,TLS,TimorLeste,6.53,6.27,6.4,116,3
2014,TGO,Togo,6.05,5.81,5.93,138,4
2014,TTO,Trinidad and Tobago,7.06,6.8,6.93,81,3
2014,TUN,Tunisia,5.96,6.48,6.22,126,4
2014,TUR,Turkey,7.18,6.88,7.03,68,2
2014,UGA,Uganda,5.84,7.26,6.55,106,3
2014,UKR,Ukraine,6.92,5.91,6.41,115,3
2014,ARE,United Arab Emirates,5.06,7.59,6.32,124,4
2014,GBR,United Kingdom,9.2,7.94,8.57,10,1
2014,USA,United States,8.71,7.81,8.26,24,1
2014,URY,Uruguay,8.57,7.12,7.85,44,2
2014,VEN,Venezuela,6.62,3.28,4.95,155,4
2014,VNM,Vietnam,6.16,6.32,6.24,125,4
2014,YEM,"Yemen, Rep.",3.48,6.54,5.01,153,4
2014,ZMB,Zambia,6.07,6.99,6.53,107,3
2014,ZWE,Zimbabwe,5.49,5.55,5.52,144,4
2013,ALB,Albania,7.43,7.24,7.34,55,2
2013,DZA,Algeria,5.13,5.04,5.08,150,4
2013,AGO,Angola,6.48,5.25,5.87,136,4
2013,ARG,Argentina,8.23,4.85,6.54,104,3
2013,ARM,Armenia,7.09,7.69,7.39,52,2
2013,AUS,Australia,9.21,7.92,8.56,6,1
2013,AUT,Austria,9.35,7.6,8.48,11,1
2013,AZE,Azerbaijan,5.89,6.2,6.04,131,4
2013,BHS,Bahamas,7.42,7.31,7.36,54,2
2013,BHR,Bahrain,5.81,7.32,6.56,103,3
2013,BGD,Bangladesh,5.28,6.34,5.81,137,4
2013,BRD,Barbados,7.33,6.65,6.99,72,2
2013,BEL,Belgium,9.11,7.34,8.23,18,1
2013,BLZ,Belize,6.37,6.55,6.46,112,3
2013,BEN,Benin,7.31,5.98,6.64,95,3
2013,BTN,Bhutan,6.87,6.93,6.9,77,2
2013,BOL,Bolivia,7.51,6.4,6.96,73,2
2013,BIH,Bosnia and Herzegovina,7.9,6.91,7.41,51,2
2013,BWA,Botswana,6.29,7.23,6.76,85,3
2013,BRA,Brazil,7.39,6.01,6.7,89,3
2013,BRN,Brunei Darussalam,7.09,7.06,7.07,68,2
2013,BGR,Bulgaria,8.3,7.3,7.8,42,2
2013,BFA,Burkina Faso,7.4,5.93,6.66,93,3
2013,BDI,Burundi,6.3,5.96,6.13,128,4
2013,KHM,Cambodia,7.03,7.17,7.1,64,2
2013,CMR,Cameroon,6.08,6.13,6.11,130,4
2013,CAN,Canada,9.23,8,8.61,4,1
2013,CPV,Cape Verde,8.01,6.62,7.32,56,2
2013,CAF,Central African Republic,5.17,5.23,5.2,148,4
2013,TCD,Chad,5.6,4.98,5.29,146,4
2013,CHL,Chile,8.18,7.84,8.01,31,1
2013,CHN,China,5.54,6.37,5.95,134,4
2013,COL,Colombia,6.46,6.61,6.53,107,3
2013,COD,"Congo, Democratic Republic of",4.21,5.17,4.69,155,4
2013,COG,"Congo, Republic of",6.75,4.57,5.66,141,4
2013,CRI,Costa Rica,8.17,7.45,7.81,41,2
2013,CIV,Cote d'Ivoire,6.67,5.89,6.28,120,4
2013,HRV,Croatia,8.43,6.87,7.65,44,2
2013,CYP,Cyprus,8.59,7.04,7.82,40,2
2013,CZE,Czech Republic,9.06,7.34,8.2,21,1
2013,DNK,Denmark,9.54,7.65,8.6,5,1
2013,DOM,Dominican Republic,7.03,7.21,7.12,63,2
2013,ECU,Ecuador,7.46,5.93,6.7,89,3
2013,EGY,Egypt,4.54,5.99,5.26,147,4
2013,SLV,El Salvador,7.2,7.16,7.18,59,2
2013,EST,Estonia,8.93,7.66,8.3,16,1
2013,ETH,Ethiopia,5.69,5.53,5.61,142,4
2013,FJI,Fiji,7.22,6.55,6.89,79,3
2013,FIN,Finland,9.45,7.67,8.56,6,1
2013,FRA,France,8.78,7.2,7.99,33,1
2013,GAB,Gabon,6.13,5.42,5.77,138,4
2013,GMB,"Gambia, The",5.89,7.28,6.59,100,3
2013,GEO,Georgia,7.62,7.83,7.72,43,2
2013,DEU,Germany,9.26,7.63,8.45,12,1
2013,GHA,Ghana,7.78,6.54,7.16,60,2
2013,GRC,Greece,8.08,6.89,7.48,50,2
2013,GTM,Guatemala,6.65,7.62,7.14,62,2
2013,GIN,Guinea,5.9,5.64,5.77,138,4
2013,GNB,GuineaBissau,6.29,5.77,6.03,132,4
2013,GUY,Guyana,7.44,6.02,6.73,87,3
2013,HTI,Haiti,7.19,6.36,6.77,82,3
2013,HND,Honduras,6.03,7.1,6.57,102,3
2013,HKG,Hong Kong,9,8.94,8.97,1,1
2013,HUN,Hungary,8.55,7.3,7.92,37,1
2013,ISL,Iceland,9.28,6.93,8.11,27,1
2013,IND,India,6.99,6.36,6.68,92,3
2013,IDN,Indonesia,6.93,6.98,6.95,74,2
2013,IRN,Iran,4.02,5.3,4.66,156,4
2013,IRL,Ireland,9.07,8.01,8.54,8,1
2013,ISR,Israel,7.81,7.38,7.6,46,2
2013,ITA,Italy,8.83,7.16,8,32,1
2013,JAM,Jamaica,7.12,7.29,7.2,58,2
2013,JPN,Japan,8.78,7.51,8.15,26,1
2013,JOR,Jordan,5.88,7.65,6.76,85,3
2013,KAZ,Kazakhstan,6.14,7.12,6.63,97,3
2013,KEN,Kenya,6.44,7.1,6.77,82,3
2013,KOR,"Korea, Republic of",8.61,7.34,7.97,34,1
2013,KWT,Kuwait,6.06,6.81,6.43,113,3
2013,KGZ,Kyrgyz Republic,5.96,6.72,6.34,117,3
2013,LAO,Laos,,,,,
2013,LVA,Latvia,8.72,7.65,8.19,24,1
2013,LBN,Lebanon,6.11,6.87,6.49,109,3
2013,LSO,Lesotho,6.44,6.3,6.37,115,3
2013,LBR,Liberia,,,,,
2013,LBY,Libya,4.97,4.77,4.87,154,4
2013,LTU,Lithuania,8.71,7.69,8.2,21,1
2013,LUX,Luxembourg,9.17,7.58,8.37,14,1
2013,MKD,Macedonia,8.1,7.15,7.63,45,2
2013,MDG,Madagascar,7.48,6.57,7.02,70,2
2013,MWI,Malawi,7.09,5.9,6.49,109,3
2013,MYS,Malaysia,6,7.07,6.54,104,3
2013,MLI,Mali,6.14,5.92,6.03,132,4
2013,MLT,Malta,8.91,7.62,8.27,17,1
2013,MRT,Mauritania,5.51,5.6,5.55,143,4
2013,MUS,Mauritius,8.32,8.12,8.22,19,1
2013,MEX,Mexico,6.65,6.82,6.73,87,3
2013,MDA,Moldova,7.38,6.53,6.95,74,2
2013,MNG,Mongolia,7.9,7.21,7.55,48,2
2013,MNE,Montenegro,8,7.05,7.52,49,2
2013,MAR,Morocco,6.11,6.34,6.23,123,4
2013,MOZ,Mozambique,6.71,5.78,6.24,121,4
2013,MMR,Myanmar,4.64,5.36,5,152,4
2013,NAM,Namibia,7.35,6.83,7.09,67,2
2013,NPL,Nepal,7.34,6.36,6.85,80,3
2013,NLD,Netherlands,9.17,7.59,8.38,13,1
2013,NZL,New Zealand,9.1,8.45,8.77,2,1
2013,NIC,Nicaragua,6.66,7.34,7,71,2
2013,NER,Niger,6.14,6.14,6.14,127,4
2013,NGA,Nigeria,5.06,6.38,5.72,140,4
2013,NOR,Norway,9.5,7.57,8.54,8,1
2013,OMN,Oman,5.74,6.95,6.34,117,3
2013,PAK,Pakistan,4.78,6.14,5.46,144,4
2013,PAN,Panama,7.77,7.36,7.57,47,2
2013,PNG,Papua New Guinea,6.81,6.57,6.69,91,3
2013,PRY,Paraguay,7.18,6.92,7.05,69,2
2013,PER,Peru,7.4,7.38,7.39,52,2
2013,PHL,Philippines,6.09,7.58,6.83,81,3
2013,POL,Poland,8.95,7.22,8.09,28,1
2013,PRT,Portugal,8.96,7.49,8.22,19,1
2013,QAT,Qatar,5.45,7.53,6.49,109,3
2013,ROU,Romania,8.53,7.6,8.06,29,1
2013,RUS,Russia,6.3,6.56,6.43,113,3
2013,RWA,Rwanda,5.7,7.38,6.54,104,3
2013,SAU,Saudi Arabia,4.26,6.55,5.4,145,4
2013,SEN,Senegal,6.82,6.18,6.5,108,3
2013,SRB,Serbia,7.54,6.65,7.1,64,2
2013,SYC,Seychelles,7.31,7.24,7.27,57,2
2013,SLE,Sierra Leone,6.31,6.11,6.21,125,4
2013,SGP,Singapore,7.31,8.59,7.95,36,1
2013,SVK,Slovakia,8.77,7.35,8.06,29,1
2013,SVN,Slovenia,8.95,6.72,7.84,39,1
2013,ZAF,South Africa,7.15,6.75,6.95,74,2
2013,ESP,Spain,8.61,7.32,7.96,35,1
2013,LKA,Sri Lanka,5.83,6.64,6.24,121,4
2013,SUR,Suriname,7.68,6.62,7.15,61,2
2013,SWZ,Swaziland,5.58,6.74,6.16,126,4
2013,SWE,Sweden,9.31,7.4,8.35,15,1
2013,CHE,Switzerland,9.25,8.26,8.76,3,1
2013,SYR,Syria,4.01,5.28,4.65,157,4
2013,TWN,Taiwan,8.65,7.68,8.16,25,1
2013,TJK,Tajikistan,6.63,6.66,6.64,95,3
2013,TZA,Tanzania,6.46,6.85,6.66,93,3
2013,THA,Thailand,6.67,6.54,6.61,99,3
2013,TLS,TimorLeste,6.51,6.14,6.32,119,4
2013,TGO,Togo,5.85,5.98,5.92,135,4
2013,TTO,Trinidad and Tobago,7.07,6.73,6.9,77,2
2013,TUN,Tunisia,5.95,6.31,6.13,128,4
2013,TUR,Turkey,7.36,6.84,7.1,64,2
2013,UGA,Uganda,6.02,7.23,6.62,98,3
2013,UKR,Ukraine,7.51,6.03,6.77,82,3
2013,ARE,United Arab Emirates,5.03,7.69,6.36,116,3
2013,GBR,United Kingdom,9.11,7.94,8.52,10,1
2013,USA,United States,8.65,7.74,8.2,21,1
2013,URY,Uruguay,8.47,7.23,7.85,38,1
2013,VEN,Venezuela,6.69,3.29,4.99,153,4
2013,VNM,Vietnam,6.09,6.37,6.23,123,4
2013,YEM,"Yemen, Rep.",3.8,6.33,5.06,151,4
2013,ZMB,Zambia,6.21,6.95,6.58,101,3
2013,ZWE,Zimbabwe,5.12,5.26,5.19,149,4
2012,ALB,Albania,7.69,7.2,7.44,52,2
2012,DZA,Algeria,5.24,4.95,5.09,146,4
2012,AGO,Angola,6.16,5.28,5.72,135,4
2012,ARG,Argentina,8.22,5.04,6.63,94,3
2012,ARM,Armenia,7.33,7.75,7.54,50,2
2012,AUS,Australia,9.19,7.96,8.57,6,1
2012,AUT,Austria,9.31,7.62,8.47,12,1
2012,AZE,Azerbaijan,5.95,6.32,6.13,123,4
2012,BHS,Bahamas,7.44,7.31,7.37,55,2
2012,BHR,Bahrain,5.84,7.33,6.59,95,3
2012,BGD,Bangladesh,5.45,6.24,5.85,132,4
2012,BRD,Barbados,8.05,6.67,7.36,56,2
2012,BEL,Belgium,9.09,7.35,8.22,22,1
2012,BLZ,Belize,7.23,6.64,6.93,75,2
2012,BEN,Benin,7.05,5.74,6.39,111,3
2012,BTN,Bhutan,,,,,
2012,BOL,Bolivia,7.62,6.38,7,70,2
2012,BIH,Bosnia and Herzegovina,7.91,6.79,7.35,57,2
2012,BWA,Botswana,6.26,7.25,6.76,85,3
2012,BRA,Brazil,7.44,6.24,6.84,82,3
2012,BRN,Brunei Darussalam,6.63,7.07,6.85,81,3
2012,BGR,Bulgaria,8.28,7.37,7.83,43,2
2012,BFA,Burkina Faso,7.18,5.81,6.5,101,3
2012,BDI,Burundi,5.96,5.22,5.59,136,4
2012,KHM,Cambodia,7.15,6.92,7.03,66,2
2012,CMR,Cameroon,6.01,6.23,6.12,124,4
2012,CAN,Canada,9.21,7.99,8.6,5,1
2012,CPV,Cape Verde,8.22,6.56,7.39,54,2
2012,CAF,Central African Republic,5.03,4.93,4.98,148,4
2012,TCD,Chad,5.59,4.72,5.15,145,4
2012,CHL,Chile,8.16,7.81,7.99,34,1
2012,CHN,China,5.52,6.36,5.94,128,4
2012,COL,Colombia,5.99,6.62,6.3,116,4
2012,COD,"Congo, Democratic Republic of",4.14,5.22,4.68,152,4
2012,COG,"Congo, Republic of",6.2,4.4,5.3,142,4
2012,CRI,Costa Rica,8.24,7.53,7.89,39,2
2012,CIV,Cote d'Ivoire,6.21,5.64,5.93,129,4
2012,HRV,Croatia,8.43,6.93,7.68,44,2
2012,CYP,Cyprus,8.51,7.47,7.99,34,1
2012,CZE,Czech Republic,9.06,7.42,8.24,21,1
2012,DNK,Denmark,9.51,7.56,8.54,7,1
2012,DOM,Dominican Republic,7.02,7.03,7.02,68,2
2012,ECU,Ecuador,7.38,5.93,6.66,91,3
2012,EGY,Egypt,5.04,6.14,5.59,136,4
2012,SLV,El Salvador,7.17,7.09,7.13,60,2
2012,EST,Estonia,8.93,7.68,8.3,16,1
2012,ETH,Ethiopia,4.99,5.58,5.29,143,4
2012,FJI,Fiji,7.29,7,7.15,59,2
2012,FIN,Finland,9.44,7.81,8.62,4,1
2012,FRA,France,8.72,7.27,8,33,1
2012,GAB,Gabon,6.1,5.37,5.73,134,4
2012,GMB,"Gambia, The",6.07,6.87,6.47,104,3
2012,GEO,Georgia,7.33,7.75,7.54,50,2
2012,DEU,Germany,9.25,7.64,8.44,13,1
2012,GHA,Ghana,7.51,6.44,6.98,72,2
2012,GRC,Greece,8.5,6.67,7.58,48,2
2012,GTM,Guatemala,5.93,7.41,6.67,90,3
2012,GIN,Guinea,,,,,
2012,GNB,GuineaBissau,6.02,5.96,5.99,127,4
2012,GUY,Guyana,7.76,6.3,7.03,66,2
2012,HTI,Haiti,6.94,6,6.47,104,3
2012,HND,Honduras,5.85,7.16,6.5,101,3
2012,HKG,Hong Kong,9.07,8.96,9.01,1,1
2012,HUN,Hungary,8.54,7.33,7.93,38,1
2012,ISL,Iceland,9.3,6.89,8.09,28,1
2012,IND,India,7.24,6.54,6.89,79,3
2012,IDN,Indonesia,6.98,6.84,6.91,78,3
2012,IRN,Iran,3.88,4.96,4.42,153,4
2012,IRL,Ireland,9.07,7.98,8.52,9,1
2012,ISR,Israel,7.83,7.37,7.6,46,2
2012,ITA,Italy,8.8,7.22,8.01,31,1
2012,JAM,Jamaica,7.01,7.14,7.07,64,2
2012,JPN,Japan,8.86,7.66,8.26,20,1
2012,JOR,Jordan,6.18,7.56,6.87,80,3
2012,KAZ,Kazakhstan,6.32,7.14,6.73,87,3
2012,KEN,Kenya,6.05,7.09,6.57,96,3
2012,KOR,"Korea, Republic of",8.68,7.45,8.06,30,1
2012,KWT,Kuwait,6.15,6.93,6.54,99,3
2012,KGZ,Kyrgyz Republic,6.15,6.67,6.41,110,3
2012,LAO,Laos,,,,,
2012,LVA,Latvia,8.72,7.56,8.14,23,1
2012,LBN,Lebanon,6.35,6.96,6.66,91,3
2012,LSO,Lesotho,6.47,6.19,6.33,113,3
2012,LBR,Liberia,,,,,
2012,LBY,Libya,,,,,
2012,LTU,Lithuania,8.72,7.52,8.12,27,1
2012,LUX,Luxembourg,9.15,7.46,8.3,16,1
2012,MKD,Macedonia,8.44,7.23,7.84,42,2
2012,MDG,Madagascar,7.41,6.45,6.93,75,2
2012,MWI,Malawi,7.18,6.18,6.68,89,3
2012,MYS,Malaysia,6.15,6.85,6.5,101,3
2012,MLI,Mali,5.88,5.99,5.93,129,4
2012,MLT,Malta,8.92,7.63,8.28,18,1
2012,MRT,Mauritania,5.96,5.68,5.82,133,4
2012,MUS,Mauritius,8.55,8.15,8.35,14,1
2012,MEX,Mexico,6.36,6.78,6.57,96,3
2012,MDA,Moldova,7.43,6.64,7.04,65,2
2012,MNG,Mongolia,7.85,7.02,7.44,52,2
2012,MNE,Montenegro,8.08,7.25,7.66,45,2
2012,MAR,Morocco,6.28,6.34,6.31,115,3
2012,MOZ,Mozambique,6.47,5.93,6.2,122,4
2012,MMR,Myanmar,4.45,5.09,4.77,151,4
2012,NAM,Namibia,7.13,6.77,6.95,73,2
2012,NPL,Nepal,7.29,6.12,6.7,88,3
2012,NLD,Netherlands,9.15,7.54,8.34,15,1
2012,NZL,New Zealand,9.09,8.47,8.78,3,1
2012,NIC,Nicaragua,6.5,7.36,6.93,75,2
2012,NER,Niger,6.58,5.55,6.06,126,4
2012,NGA,Nigeria,4.88,6.22,5.55,138,4
2012,NOR,Norway,9.49,7.58,8.54,7,1
2012,OMN,Oman,5.71,7.04,6.37,112,3
2012,PAK,Pakistan,4.86,6.15,5.5,139,4
2012,PAN,Panama,7.77,7.34,7.56,49,2
2012,PNG,Papua New Guinea,6.19,6.91,6.55,98,3
2012,PRY,Paraguay,7.32,6.89,7.11,62,2
2012,PER,Peru,7.62,7.57,7.59,47,2
2012,PHL,Philippines,6.9,7.31,7.1,63,2
2012,POL,Poland,8.95,7.32,8.13,26,1
2012,PRT,Portugal,8.97,7.31,8.14,23,1
2012,QAT,Qatar,5.17,7.5,6.33,113,3
2012,ROU,Romania,8.52,7.47,7.99,34,1
2012,RUS,Russia,6.3,6.64,6.47,104,3
2012,RWA,Rwanda,5.6,7.32,6.46,108,3
2012,SAU,Saudi Arabia,4.29,6.42,5.35,141,4
2012,SEN,Senegal,6.59,5.9,6.24,119,4
2012,SRB,Serbia,7.46,6.55,7.01,69,2
2012,SYC,Seychelles,,,,,
2012,SLE,Sierra Leone,5.97,6.27,6.12,124,4
2012,SGP,Singapore,7.13,8.59,7.86,41,2
2012,SVK,Slovakia,8.77,7.38,8.08,29,1
2012,SVN,Slovenia,8.95,6.84,7.89,39,2
2012,ZAF,South Africa,7.22,6.78,7,70,2
2012,ESP,Spain,8.67,7.35,8.01,31,1
2012,LKA,Sri Lanka,5.73,6.73,6.23,121,4
2012,SUR,Suriname,7.7,6.64,7.17,58,2
2012,SWZ,Swaziland,5.16,6.58,5.87,131,4
2012,SWE,Sweden,9.47,7.48,8.48,11,1
2012,CHE,Switzerland,9.34,8.27,8.81,2,1
2012,SYR,Syria,4.48,5.36,4.92,150,4
2012,TWN,Taiwan,8.57,7.71,8.14,23,1
2012,TJK,Tajikistan,6.74,6.59,6.66,91,3
2012,TZA,Tanzania,6.42,6.62,6.52,100,3
2012,THA,Thailand,6.93,6.58,6.75,86,3
2012,TLS,TimorLeste,6.64,6.29,6.47,104,3
2012,TGO,Togo,5.44,5.33,5.38,140,4
2012,TTO,Trinidad and Tobago,6.99,6.6,6.79,84,3
2012,TUN,Tunisia,6.12,6.4,6.26,118,4
2012,TUR,Turkey,7.23,7.01,7.12,61,2
2012,UGA,Uganda,5.73,7.13,6.43,109,3
2012,UKR,Ukraine,7.65,6.24,6.94,74,2
2012,ARE,United Arab Emirates,4.73,7.76,6.24,119,4
2012,GBR,United Kingdom,9.09,7.9,8.49,10,1
2012,USA,United States,8.65,7.88,8.27,19,1
2012,URY,Uruguay,8.6,7.34,7.97,37,1
2012,VEN,Venezuela,6.66,3.82,5.24,144,4
2012,VNM,Vietnam,6.14,6.4,6.27,117,4
2012,YEM,"Yemen, Rep.",3.82,6.17,4.99,147,4
2012,ZMB,Zambia,6.41,7.19,6.8,83,3
2012,ZWE,Zimbabwe,4.92,4.99,4.95,149,4
2011,ALB,Albania,7.78,7.24,7.51,52,2
2011,DZA,Algeria,5.34,5.06,5.2,147,4
2011,AGO,Angola,5.3,5.16,5.23,146,4
2011,ARG,Argentina,8.25,5.58,6.92,82,3
2011,ARM,Armenia,7.36,7.71,7.54,50,2
2011,AUS,Australia,9.22,8.01,8.61,6,1
2011,AUT,Austria,9.21,7.65,8.43,13,1
2011,AZE,Azerbaijan,6.03,6.15,6.09,126,4
2011,BHS,Bahamas,7.53,7.32,7.42,53,2
2011,BHR,Bahrain,6.1,7.49,6.79,90,3
2011,BGD,Bangladesh,5.59,6.34,5.97,128,4
2011,BRD,Barbados,8.03,6.63,7.33,56,2
2011,BEL,Belgium,9.12,7.38,8.25,19,1
2011,BLZ,Belize,7.4,6.61,7,72,2
2011,BEN,Benin,7.12,6,6.56,108,3
2011,BTN,Bhutan,,,,,
2011,BOL,Bolivia,7.66,6.31,6.98,74,2
2011,BIH,Bosnia and Herzegovina,8.01,6.7,7.35,55,2
2011,BWA,Botswana,6.4,7.22,6.81,87,3
2011,BRA,Brazil,7.68,6.45,7.07,65,2
2011,BRN,Brunei Darussalam,6.69,6.92,6.8,89,3
2011,BGR,Bulgaria,8.37,7.37,7.87,41,2
2011,BFA,Burkina Faso,7.29,5.95,6.62,99,3
2011,BDI,Burundi,5.99,5.23,5.61,139,4
2011,KHM,Cambodia,7.32,6.98,7.15,60,2
2011,CMR,Cameroon,6,6.21,6.11,125,4
2011,CAN,Canada,9.28,7.95,8.62,5,1
2011,CPV,Cape Verde,8.1,6.53,7.31,57,2
2011,CAF,Central African Republic,5.14,4.94,5.04,148,4
2011,TCD,Chad,5.69,4.97,5.33,143,4
2011,CHL,Chile,8.22,7.91,8.06,33,1
2011,CHN,China,5.63,6.3,5.97,128,4
2011,COL,Colombia,6.54,6.62,6.58,106,3
2011,COD,"Congo, Democratic Republic of",4.35,5.27,4.81,152,4
2011,COG,"Congo, Republic of",6.21,4.44,5.33,143,4
2011,CRI,Costa Rica,8.26,7.57,7.92,40,2
2011,CIV,Cote d'Ivoire,6.01,5.7,5.86,133,4
2011,HRV,Croatia,8.48,6.9,7.69,45,2
2011,CYP,Cyprus,8.65,7.67,8.16,24,1
2011,CZE,Czech Republic,9.06,7.26,8.16,24,1
2011,DNK,Denmark,9.5,7.71,8.61,6,1
2011,DOM,Dominican Republic,6.95,7.18,7.07,65,2
2011,ECU,Ecuador,7.52,5.78,6.65,96,3
2011,EGY,Egypt,5.22,6.18,5.7,135,4
2011,SLV,El Salvador,6.81,7.14,6.97,75,2
2011,EST,Estonia,8.92,7.74,8.33,17,1
2011,ETH,Ethiopia,5.46,5.16,5.31,145,4
2011,FJI,Fiji,7.3,7.09,7.19,59,2
2011,FIN,Finland,9.47,7.87,8.67,4,1
2011,FRA,France,8.78,7.33,8.05,34,1
2011,GAB,Gabon,6.17,5.44,5.8,134,4
2011,GMB,"Gambia, The",6.18,7.04,6.61,101,3
2011,GEO,Georgia,7.47,7.64,7.56,49,2
2011,DEU,Germany,9.28,7.68,8.48,10,1
2011,GHA,Ghana,7.53,6.76,7.15,60,2
2011,GRC,Greece,8.72,6.69,7.7,44,2
2011,GTM,Guatemala,5.91,7.22,6.57,107,3
2011,GIN,Guinea,,,,,
2011,GNB,GuineaBissau,6.32,5.62,5.97,128,4
2011,GUY,Guyana,7.88,6.31,7.1,63,2
2011,HTI,Haiti,7.08,6.29,6.69,94,3
2011,HND,Honduras,6.05,7.28,6.66,95,3
2011,HKG,Hong Kong,9.1,8.99,9.04,1,1
2011,HUN,Hungary,8.72,7.38,8.05,34,1
2011,ISL,Iceland,9.33,6.81,8.07,32,1
2011,IND,India,7.33,6.57,6.95,78,3
2011,IDN,Indonesia,7.07,6.87,6.97,75,2
2011,IRN,Iran,4.02,5.63,4.82,151,4
2011,IRL,Ireland,9.13,7.83,8.48,10,1
2011,ISR,Israel,7.91,7.35,7.63,47,2
2011,ITA,Italy,8.82,7.22,8.02,37,1
2011,JAM,Jamaica,7.02,7,7.01,71,2
2011,JPN,Japan,8.88,7.49,8.18,22,1
2011,JOR,Jordan,6.16,7.48,6.82,86,3
2011,KAZ,Kazakhstan,6.33,6.97,6.65,96,3
2011,KEN,Kenya,6.55,6.94,6.74,92,3
2011,KOR,"Korea, Republic of",8.65,7.52,8.08,31,1
2011,KWT,Kuwait,6.27,6.93,6.6,102,3
2011,KGZ,Kyrgyz Republic,6.19,6.62,6.4,113,3
2011,LAO,Laos,,,,,
2011,LVA,Latvia,8.84,7.34,8.09,30,1
2011,LBN,Lebanon,6.76,7.18,6.97,75,2
2011,LSO,Lesotho,6.57,6.21,6.39,114,3
2011,LBR,Liberia,,,,,
2011,LBY,Libya,,,,,
2011,LTU,Lithuania,8.76,7.5,8.13,28,1
2011,LUX,Luxembourg,9.2,7.48,8.34,16,1
2011,MKD,Macedonia,8.35,7.11,7.73,43,2
2011,MDG,Madagascar,7.27,6.17,6.72,93,3
2011,MWI,Malawi,7.47,6.52,6.99,73,2
2011,MYS,Malaysia,6.38,6.86,6.62,99,3
2011,MLI,Mali,6.5,5.92,6.21,122,4
2011,MLT,Malta,9.08,7.67,8.37,15,1
2011,MRT,Mauritania,6,5.78,5.89,132,4
2011,MUS,Mauritius,8.56,8.05,8.31,18,1
2011,MEX,Mexico,6.81,6.75,6.78,91,3
2011,MDA,Moldova,7.43,6.7,7.06,67,2
2011,MNG,Mongolia,7.89,7.17,7.53,51,2
2011,MNE,Montenegro,8.15,7.14,7.64,46,2
2011,MAR,Morocco,6.35,6.47,6.41,112,3
2011,MOZ,Mozambique,6.61,5.77,6.19,123,4
2011,MMR,Myanmar,4.6,4.2,4.4,153,4
2011,NAM,Namibia,7.3,6.58,6.94,80,3
2011,NPL,Nepal,7.5,6.12,6.81,87,3
2011,NLD,Netherlands,9.2,7.58,8.39,14,1
2011,NZL,New Zealand,9.18,8.39,8.79,3,1
2011,NIC,Nicaragua,6.6,7.31,6.95,78,3
2011,NER,Niger,6.72,5.89,6.3,118,4
2011,NGA,Nigeria,4.98,6.34,5.66,137,4
2011,NOR,Norway,9.35,7.56,8.46,12,1
2011,OMN,Oman,5.77,6.91,6.34,116,4
2011,PAK,Pakistan,5.01,6.23,5.62,138,4
2011,PAN,Panama,7.6,7.13,7.36,54,2
2011,PNG,Papua New Guinea,6.27,6.93,6.6,102,3
2011,PRY,Paraguay,7.25,6.8,7.03,70,2
2011,PER,Peru,7.63,7.62,7.63,47,2
2011,PHL,Philippines,7.02,7.27,7.15,60,2
2011,POL,Poland,9.13,7.24,8.19,21,1
2011,PRT,Portugal,9.02,7.27,8.14,27,1
2011,QAT,Qatar,5.13,7.23,6.18,124,4
2011,ROU,Romania,8.56,7.34,7.95,38,1
2011,RUS,Russia,6.36,6.56,6.46,110,3
2011,RWA,Rwanda,5.64,7.45,6.54,109,3
2011,SAU,Saudi Arabia,4.35,6.67,5.51,140,4
2011,SEN,Senegal,6.62,5.9,6.26,119,4
2011,SRB,Serbia,7.48,6.64,7.06,67,2
2011,SYC,Seychelles,,,,,
2011,SLE,Sierra Leone,5.96,6.18,6.07,127,4
2011,SGP,Singapore,7.18,8.71,7.94,39,2
2011,SVK,Slovakia,8.83,7.48,8.15,26,1
2011,SVN,Slovenia,8.91,6.83,7.87,41,2
2011,ZAF,South Africa,7.3,6.82,7.06,67,2
2011,ESP,Spain,8.79,7.45,8.12,29,1
2011,LKA,Sri Lanka,5.97,6.77,6.37,115,3
2011,SUR,Suriname,7.81,6.35,7.08,64,2
2011,SWZ,Swaziland,5.21,6.64,5.93,131,4
2011,SWE,Sweden,9.47,7.57,8.52,8,1
2011,CHE,Switzerland,9.35,8.3,8.82,2,1
2011,SYR,Syria,5.1,6.28,5.69,136,4
2011,TWN,Taiwan,8.64,7.71,8.17,23,1
2011,TJK,Tajikistan,6.82,6.39,6.6,102,3
2011,TZA,Tanzania,6.55,6.76,6.65,96,3
2011,THA,Thailand,7.17,6.59,6.88,84,3
2011,TLS,TimorLeste,6.8,6.39,6.59,105,3
2011,TGO,Togo,5.56,5.42,5.49,141,4
2011,TTO,Trinidad and Tobago,7.01,6.65,6.83,85,3
2011,TUN,Tunisia,6.13,6.48,6.31,117,4
2011,TUR,Turkey,7.44,7.05,7.25,58,2
2011,UGA,Uganda,5.79,7.06,6.42,111,3
2011,UKR,Ukraine,7.73,6.15,6.94,80,3
2011,ARE,United Arab Emirates,4.69,7.75,6.22,121,4
2011,GBR,United Kingdom,9.14,7.87,8.51,9,1
2011,USA,United States,8.74,7.76,8.25,19,1
2011,URY,Uruguay,8.72,7.39,8.05,34,1
2011,VEN,Venezuela,6.79,3.91,5.35,142,4
2011,VNM,Vietnam,6.27,6.24,6.25,120,4
2011,YEM,"Yemen, Rep.",3.74,6.19,4.96,150,4
2011,ZMB,Zambia,6.48,7.34,6.91,83,3
2011,ZWE,Zimbabwe,4.99,4.95,4.97,149,4
2010,ALB,Albania,7.77,7.35,7.56,47,2
2010,DZA,Algeria,5.14,5.07,5.1,150,4
2010,AGO,Angola,4.93,5.16,5.04,151,4
2010,ARG,Argentina,8.32,5.59,6.95,75,2
2010,ARM,Armenia,7.43,7.56,7.5,50,2
2010,AUS,Australia,9.29,8.02,8.65,4,1
2010,AUT,Austria,9.09,7.62,8.35,15,1
2010,AZE,Azerbaijan,6.56,5.97,6.27,121,4
2010,BHS,Bahamas,7.48,7.38,7.43,51,2
2010,BHR,Bahrain,6.25,7.47,6.86,83,3
2010,BGD,Bangladesh,5.56,6.35,5.96,126,4
2010,BRD,Barbados,8.03,6.63,7.33,55,2
2010,BEL,Belgium,9.14,7.39,8.27,19,1
2010,BLZ,Belize,7.38,6.52,6.95,75,2
2010,BEN,Benin,6.69,6.05,6.37,117,4
2010,BTN,Bhutan,,,,,
2010,BOL,Bolivia,7.43,6.35,6.89,80,3
2010,BIH,Bosnia and Herzegovina,8.2,6.63,7.42,52,2
2010,BWA,Botswana,6.67,7.02,6.84,85,3
2010,BRA,Brazil,7.81,6.46,7.13,66,2
2010,BRN,Brunei Darussalam,6.46,7.07,6.76,91,3
2010,BGR,Bulgaria,8.49,7.3,7.9,40,2
2010,BFA,Burkina Faso,7.3,5.93,6.62,100,3
2010,BDI,Burundi,6.12,5.18,5.65,138,4
2010,KHM,Cambodia,7.53,7.08,7.31,56,2
2010,CMR,Cameroon,5.61,6.19,5.9,127,4
2010,CAN,Canada,9.29,8.01,8.65,4,1
2010,CPV,Cape Verde,8.21,6.38,7.3,57,2
2010,CAF,Central African Republic,5.72,5.04,5.38,147,4
2010,TCD,Chad,5.79,5.44,5.61,140,4
2010,CHL,Chile,8.19,7.89,8.04,32,1
2010,CHN,China,5.43,6.24,5.83,132,4
2010,COL,Colombia,7,6.54,6.77,89,3
2010,COD,"Congo, Democratic Republic of",5.54,5.29,5.41,146,4
2010,COG,"Congo, Republic of",6.59,4.64,5.62,139,4
2010,CRI,Costa Rica,8.09,7.28,7.69,46,2
2010,CIV,Cote d'Ivoire,5.76,5.69,5.73,135,4
2010,HRV,Croatia,8.15,6.68,7.41,53,2
2010,CYP,Cyprus,8.99,7.73,8.36,13,1
2010,CZE,Czech Republic,9.12,7.22,8.17,25,1
2010,DNK,Denmark,9.51,7.77,8.64,7,1
2010,DOM,Dominican Republic,6.94,7.16,7.05,70,2
2010,ECU,Ecuador,7.45,5.77,6.61,101,3
2010,EGY,Egypt,5.42,6.35,5.89,128,4
2010,SLV,El Salvador,7.23,7.21,7.22,62,2
2010,EST,Estonia,9.08,7.82,8.45,10,1
2010,ETH,Ethiopia,5.24,5.6,5.42,145,4
2010,FJI,Fiji,7.3,6.93,7.11,67,2
2010,FIN,Finland,9.52,7.79,8.65,4,1
2010,FRA,France,8.82,7.42,8.12,27,1
2010,GAB,Gabon,6.03,5.54,5.79,134,4
2010,GMB,"Gambia, The",5.56,7.24,6.4,114,3
2010,GEO,Georgia,8.14,7.5,7.82,42,2
2010,DEU,Germany,9.14,7.59,8.36,13,1
2010,GHA,Ghana,7.45,6.75,7.1,68,2
2010,GRC,Greece,8.64,6.81,7.72,45,2
2010,GTM,Guatemala,7.26,7.15,7.21,63,2
2010,GIN,Guinea,,,,,
2010,GNB,GuineaBissau,6.4,5.05,5.73,135,4
2010,GUY,Guyana,7.23,6.21,6.72,94,3
2010,HTI,Haiti,6.99,6.21,6.6,102,3
2010,HND,Honduras,6.46,7.21,6.84,85,3
2010,HKG,Hong Kong,9.07,9.02,9.05,1,1
2010,HUN,Hungary,8.89,7.31,8.1,28,1
2010,ISL,Iceland,9.19,6.48,7.84,41,2
2010,IND,India,6.63,6.39,6.51,110,3
2010,IDN,Indonesia,7.1,6.85,6.98,74,2
2010,IRN,Iran,4.46,5.91,5.18,148,4
2010,IRL,Ireland,8.97,7.67,8.32,18,1
2010,ISR,Israel,8.51,7.32,7.92,39,2
2010,ITA,Italy,8.83,7.19,8.01,35,1
2010,JAM,Jamaica,7.22,6.97,7.1,68,2
2010,JPN,Japan,8.78,7.59,8.19,23,1
2010,JOR,Jordan,5.85,7.45,6.65,97,3
2010,KAZ,Kazakhstan,6.87,6.94,6.91,77,3
2010,KEN,Kenya,6.5,6.92,6.71,95,3
2010,KOR,"Korea, Republic of",8.87,7.51,8.19,23,1
2010,KWT,Kuwait,6.25,6.95,6.6,102,3
2010,KGZ,Kyrgyz Republic,6.18,6.61,6.39,116,4
2010,LAO,Laos,,,,,
2010,LVA,Latvia,8.68,7.23,7.95,37,1
2010,LBN,Lebanon,6.51,7.21,6.86,83,3
2010,LSO,Lesotho,5.69,6.08,5.88,130,4
2010,LBR,Liberia,,,,,
2010,LBY,Libya,,,,,
2010,LTU,Lithuania,8.68,7.47,8.07,29,1
2010,LUX,Luxembourg,9.2,7.53,8.37,12,1
2010,MKD,Macedonia,8.17,6.93,7.55,48,2
2010,MDG,Madagascar,6.69,6.38,6.53,108,3
2010,MWI,Malawi,7.27,6.27,6.77,89,3
2010,MYS,Malaysia,6.22,6.85,6.54,107,3
2010,MLI,Mali,6.76,6.04,6.4,114,3
2010,MLT,Malta,9.1,7.59,8.34,16,1
2010,MRT,Mauritania,5.95,5.77,5.86,131,4
2010,MUS,Mauritius,8.43,7.98,8.21,22,1
2010,MEX,Mexico,6.77,6.74,6.76,91,3
2010,MDA,Moldova,7.19,6.58,6.89,80,3
2010,MNG,Mongolia,7.51,7.06,7.29,58,2
2010,MNE,Montenegro,8.21,7.33,7.77,43,2
2010,MAR,Morocco,6.25,6.41,6.33,119,4
2010,MOZ,Mozambique,6.09,5.51,5.8,133,4
2010,MMR,Myanmar,5.57,4.15,4.86,152,4
2010,NAM,Namibia,7.22,6.87,7.04,71,2
2010,NPL,Nepal,7.57,6.2,6.88,82,3
2010,NLD,Netherlands,9.18,7.48,8.33,17,1
2010,NZL,New Zealand,9.43,8.17,8.8,3,1
2010,NIC,Nicaragua,7.36,7.18,7.27,60,2
2010,NER,Niger,7.2,5.91,6.55,106,3
2010,NGA,Nigeria,5.65,6.12,5.89,128,4
2010,NOR,Norway,9.57,7.47,8.52,8,1
2010,OMN,Oman,5.33,7.01,6.17,122,4
2010,PAK,Pakistan,4.79,6.17,5.48,143,4
2010,PAN,Panama,7.46,7.22,7.34,54,2
2010,PNG,Papua New Guinea,6.94,6.87,6.9,79,3
2010,PRY,Paraguay,7.3,6.74,7.02,72,2
2010,PER,Peru,7.45,7.64,7.55,48,2
2010,PHL,Philippines,7.37,7.09,7.23,61,2
2010,POL,Poland,8.97,7.12,8.04,32,1
2010,PRT,Portugal,9.02,7,8.01,35,1
2010,QAT,Qatar,4.82,7.35,6.08,123,4
2010,ROU,Romania,8.76,7.3,8.03,34,1
2010,RUS,Russia,6.63,6.54,6.59,104,3
2010,RWA,Rwanda,6.04,7.23,6.64,98,3
2010,SAU,Saudi Arabia,4.46,6.71,5.58,141,4
2010,SEN,Senegal,6.66,5.95,6.31,120,4
2010,SRB,Serbia,7.73,6.56,7.15,65,2
2010,SYC,Seychelles,,,,,
2010,SLE,Sierra Leone,6.47,6.22,6.34,118,4
2010,SGP,Singapore,7.42,8.71,8.07,29,1
2010,SVK,Slovakia,8.8,7.47,8.14,26,1
2010,SVN,Slovenia,8.63,6.82,7.73,44,2
2010,ZAF,South Africa,6.83,6.75,6.79,88,3
2010,ESP,Spain,9.19,7.32,8.25,21,1
2010,LKA,Sri Lanka,6.56,6.63,6.59,104,3
2010,SUR,Suriname,7.93,6.64,7.28,59,2
2010,SWZ,Swaziland,5.6,6.49,6.04,124,4
2010,SWE,Sweden,9.47,7.58,8.52,8,1
2010,CHE,Switzerland,9.35,8.32,8.84,2,1
2010,SYR,Syria,5.08,5.96,5.52,142,4
2010,TWN,Taiwan,8.18,7.7,7.94,38,1
2010,TJK,Tajikistan,7.53,6.28,6.91,77,3
2010,TZA,Tanzania,6.36,6.7,6.53,108,3
2010,THA,Thailand,7.78,6.65,7.21,63,2
2010,TLS,TimorLeste,7.48,5.42,6.45,112,3
2010,TGO,Togo,5.76,5.55,5.66,137,4
2010,TTO,Trinidad and Tobago,6.84,6.61,6.73,93,3
2010,TUN,Tunisia,5.6,6.49,6.04,124,4
2010,TUR,Turkey,7.17,6.87,7.02,72,2
2010,UGA,Uganda,5.63,7.29,6.46,111,3
2010,UKR,Ukraine,7.75,5.9,6.83,87,3
2010,ARE,United Arab Emirates,5.73,7.63,6.68,96,3
2010,GBR,United Kingdom,9.05,7.86,8.45,10,1
2010,USA,United States,8.74,7.81,8.27,19,1
2010,URY,Uruguay,8.82,7.33,8.07,29,1
2010,VEN,Venezuela,6.34,3.96,5.15,149,4
2010,VNM,Vietnam,6.57,6.33,6.45,112,3
2010,YEM,"Yemen, Rep.",4.74,6.12,5.43,144,4
2010,ZMB,Zambia,5.9,7.35,6.63,99,3
2010,ZWE,Zimbabwe,5.19,4.4,4.8,153,4
2009,ALB,Albania,7.87,7.31,7.59,46,2
2009,DZA,Algeria,5.07,5.18,5.13,138,4
2009,AGO,Angola,4.99,5.14,5.06,139,4
2009,ARG,Argentina,8.23,5.92,7.07,67,2
2009,ARM,Armenia,7.41,7.55,7.48,50,2
2009,AUS,Australia,9.3,7.97,8.64,3,1
2009,AUT,Austria,9.09,7.66,8.38,14,1
2009,AZE,Azerbaijan,6.35,6.06,6.2,113,4
2009,BHS,Bahamas,7.58,7.49,7.54,48,2
2009,BHR,Bahrain,6.68,7.29,6.98,71,3
2009,BGD,Bangladesh,5.56,6.3,5.93,117,4
2009,BRD,Barbados,8.18,6.56,7.37,55,2
2009,BEL,Belgium,9.15,7.28,8.21,22,1
2009,BLZ,Belize,7.36,7.07,7.21,61,2
2009,BEN,Benin,6.84,6.1,6.47,102,3
2009,BTN,Bhutan,,,,,
2009,BOL,Bolivia,7.51,6.3,6.9,80,3
2009,BIH,Bosnia and Herzegovina,8.23,6.56,7.39,54,2
2009,BWA,Botswana,6.8,6.76,6.78,86,3
2009,BRA,Brazil,7.8,6.24,7.02,70,2
2009,BRN,Brunei Darussalam,,,,,
2009,BGR,Bulgaria,8.46,7.29,7.88,40,2
2009,BFA,Burkina Faso,7.39,5.9,6.65,95,3
2009,BDI,Burundi,6.81,5.43,6.12,114,4
2009,KHM,Cambodia,,,,,
2009,CMR,Cameroon,5.86,5.73,5.8,123,4
2009,CAN,Canada,9.16,8.01,8.59,5,1
2009,CPV,Cape Verde,,,,,
2009,CAF,Central African Republic,5.83,5.2,5.52,130,4
2009,TCD,Chad,5.55,5.16,5.36,134,4
2009,CHL,Chile,8.18,7.87,8.03,33,1
2009,CHN,China,5.43,6.28,5.86,121,4
2009,COL,Colombia,6.9,6.5,6.7,91,3
2009,COD,"Congo, Democratic Republic of",5.94,5.28,5.61,129,4
2009,COG,"Congo, Republic of",6.52,4.9,5.71,127,4
2009,CRI,Costa Rica,8.28,7.37,7.82,43,2
2009,CIV,Cote d'Ivoire,5.88,5.69,5.78,126,4
2009,HRV,Croatia,8.41,6.78,7.59,46,2
2009,CYP,Cyprus,8.96,7.77,8.37,17,1
2009,CZE,Czech Republic,9.18,7.17,8.17,23,1
2009,DNK,Denmark,9.51,7.66,8.58,7,1
2009,DOM,Dominican Republic,7.01,6.95,6.98,71,3
2009,ECU,Ecuador,7.36,5.82,6.59,97,3
2009,EGY,Egypt,5.38,6.21,5.79,125,4
2009,SLV,El Salvador,7.27,7.4,7.33,56,2
2009,EST,Estonia,9.07,7.7,8.39,13,1
2009,ETH,Ethiopia,5.19,5.78,5.49,132,4
2009,FJI,Fiji,7.56,7.08,7.32,57,2
2009,FIN,Finland,9.44,7.71,8.58,7,1
2009,FRA,France,9.05,7.43,8.24,21,1
2009,GAB,Gabon,6.09,5.8,5.94,116,4
2009,GMB,"Gambia, The",,,,,
2009,GEO,Georgia,8.13,7.41,7.77,44,2
2009,DEU,Germany,9.21,7.55,8.38,14,1
2009,GHA,Ghana,7.63,6.87,7.25,58,2
2009,GRC,Greece,8.74,6.96,7.85,42,2
2009,GTM,Guatemala,7.19,7.15,7.17,66,2
2009,GIN,Guinea,,,,,
2009,GNB,GuineaBissau,6.42,5.19,5.8,123,4
2009,GUY,Guyana,7.28,6.33,6.81,84,3
2009,HTI,Haiti,7.04,6.79,6.91,78,3
2009,HND,Honduras,6.69,7.16,6.92,77,3
2009,HKG,Hong Kong,9.11,9.09,9.1,1,1
2009,HUN,Hungary,8.85,7.27,8.06,30,1
2009,ISL,Iceland,9.33,6.9,8.11,26,1
2009,IND,India,6.55,6.39,6.47,102,3
2009,IDN,Indonesia,7.22,6.55,6.89,81,3
2009,IRN,Iran,4.54,5.91,5.22,137,4
2009,IRL,Ireland,9.11,7.76,8.44,12,1
2009,ISR,Israel,7.81,7.14,7.48,50,2
2009,ITA,Italy,8.84,6.97,7.91,37,2
2009,JAM,Jamaica,6.8,7.26,7.03,68,2
2009,JPN,Japan,8.82,7.52,8.17,23,1
2009,JOR,Jordan,6.19,7.23,6.71,90,3
2009,KAZ,Kazakhstan,6.79,7.07,6.93,76,3
2009,KEN,Kenya,6.44,6.9,6.67,92,3
2009,KOR,"Korea, Republic of",8.89,7.35,8.12,25,1
2009,KWT,Kuwait,6.23,7.1,6.67,92,3
2009,KGZ,Kyrgyz Republic,6.91,6.91,6.91,78,3
2009,LAO,Laos,,,,,
2009,LVA,Latvia,8.51,7.28,7.89,39,2
2009,LBN,Lebanon,,,,,
2009,LSO,Lesotho,5.82,6.03,5.92,118,4
2009,LBR,Liberia,,,,,
2009,LBY,Libya,,,,,
2009,LTU,Lithuania,8.59,7.55,8.07,28,1
2009,LUX,Luxembourg,9.04,7.51,8.28,18,1
2009,MKD,Macedonia,8.05,6.89,7.47,52,2
2009,MDG,Madagascar,7.06,6.25,6.65,95,3
2009,MWI,Malawi,7.39,6.22,6.81,84,3
2009,MYS,Malaysia,6.48,6.6,6.54,99,3
2009,MLI,Mali,6.61,6.04,6.32,107,4
2009,MLT,Malta,9.12,7.64,8.38,14,1
2009,MRT,Mauritania,5.74,6.04,5.89,120,4
2009,MUS,Mauritius,8.25,7.85,8.05,31,1
2009,MEX,Mexico,7.35,6.6,6.97,74,3
2009,MDA,Moldova,7.75,6.66,7.21,61,2
2009,MNG,Mongolia,7.39,7.03,7.21,61,2
2009,MNE,Montenegro,8.25,7.16,7.71,45,2
2009,MAR,Morocco,6.15,6.26,6.21,111,4
2009,MOZ,Mozambique,6.24,5.47,5.85,122,4
2009,MMR,Myanmar,6.25,4.22,5.23,136,4
2009,NAM,Namibia,7.18,6.88,7.03,68,2
2009,NPL,Nepal,7.46,5.86,6.66,94,3
2009,NLD,Netherlands,9.47,7.44,8.45,11,1
2009,NZL,New Zealand,9.13,8.1,8.62,4,1
2009,NIC,Nicaragua,7.29,7.09,7.19,65,2
2009,NER,Niger,7.11,5.7,6.4,105,3
2009,NGA,Nigeria,5.91,5.89,5.9,119,4
2009,NOR,Norway,9.58,7.5,8.54,9,1
2009,OMN,Oman,5.46,7.13,6.29,109,4
2009,PAK,Pakistan,4.87,6.12,5.49,132,4
2009,PAN,Panama,7.63,7.25,7.44,53,2
2009,PNG,Papua New Guinea,6.94,6.83,6.89,81,3
2009,PRY,Paraguay,6.9,6.56,6.73,88,3
2009,PER,Peru,7.55,7.51,7.53,49,2
2009,PHL,Philippines,7.26,6.7,6.98,71,3
2009,POL,Poland,9.03,7.16,8.1,27,1
2009,PRT,Portugal,8.86,7.17,8.01,35,1
2009,QAT,Qatar,,,,,
2009,ROU,Romania,8.61,7.45,8.03,33,1
2009,RUS,Russia,6.71,6.43,6.57,99,3
2009,RWA,Rwanda,7.5,6.89,7.2,64,2
2009,SAU,Saudi Arabia,,,,,
2009,SEN,Senegal,6.62,6.05,6.33,107,4
2009,SRB,Serbia,7.89,6.58,7.23,60,2
2009,SYC,Seychelles,,,,,
2009,SLE,Sierra Leone,6.29,6.18,6.23,111,4
2009,SGP,Singapore,7.8,8.72,8.26,20,1
2009,SVK,Slovakia,8.68,7.42,8.05,31,1
2009,SVN,Slovenia,8.72,7.02,7.87,41,2
2009,ZAF,South Africa,6.95,6.52,6.73,88,3
2009,ESP,Spain,8.88,7.27,8.07,28,1
2009,LKA,Sri Lanka,5.87,6.35,6.11,116,4
2009,SUR,Suriname,,,,,
2009,SWZ,Swaziland,,,,,
2009,SWE,Sweden,9.54,7.39,8.46,10,1
2009,CHE,Switzerland,9.33,8.28,8.8,2,1
2009,SYR,Syria,5.21,5.79,5.5,132,4
2009,TWN,Taiwan,8.41,7.39,7.9,38,2
2009,TJK,Tajikistan,,,,,
2009,TZA,Tanzania,6.63,6.42,6.53,102,3
2009,THA,Thailand,7.8,6.69,7.25,58,2
2009,TLS,TimorLeste,,,,,
2009,TGO,Togo,5.79,5.57,5.68,129,4
2009,TTO,Trinidad and Tobago,6.92,6.61,6.76,87,3
2009,TUN,Tunisia,5.7,6.71,6.21,112,4
2009,TUR,Turkey,7.1,6.83,6.97,74,3
2009,UGA,Uganda,5.44,7.16,6.3,109,4
2009,UKR,Ukraine,7.81,5.89,6.85,83,3
2009,ARE,United Arab Emirates,5.48,7.4,6.44,105,3
2009,GBR,United Kingdom,9.11,8.06,8.59,5,1
2009,USA,United States,8.59,7.95,8.27,19,1
2009,URY,Uruguay,8.8,7.05,7.93,36,2
2009,VEN,Venezuela,6.25,4.36,5.3,136,4
2009,VNM,Vietnam,6.63,6.45,6.54,100,3
2009,YEM,"Yemen, Rep.",,,,,
2009,ZMB,Zambia,6.07,7.13,6.6,97,3
2009,ZWE,Zimbabwe,5.35,4.37,4.86,141,4
2008,ALB,Albania,7.78,7.22,7.5,47,2
2008,DZA,Algeria,5.08,5.16,5.12,138,4
2008,AGO,Angola,4.99,4.41,4.7,141,4
2008,ARG,Argentina,8.29,5.95,7.12,65,2
2008,ARM,Armenia,7.34,7.59,7.46,50,2
2008,AUS,Australia,9.3,8.08,8.69,5,1
2008,AUT,Austria,9.1,7.7,8.4,13,1
2008,AZE,Azerbaijan,6.52,6.15,6.33,107,4
2008,BHS,Bahamas,7.73,7.58,7.65,44,2
2008,BHR,Bahrain,6.7,7.42,7.06,69,2
2008,BGD,Bangladesh,5.54,6.07,5.81,124,4
2008,BRD,Barbados,8.11,6.22,7.17,63,2
2008,BEL,Belgium,9.11,7.3,8.21,24,1
2008,BLZ,Belize,7.35,7.32,7.34,56,2
2008,BEN,Benin,6.9,5.99,6.44,103,3
2008,BTN,Bhutan,,,,,
2008,BOL,Bolivia,7.34,6.09,6.71,87,3
2008,BIH,Bosnia and Herzegovina,8,6.56,7.28,57,2
2008,BWA,Botswana,6.67,6.85,6.76,84,3
2008,BRA,Brazil,7.76,6.31,7.03,70,2
2008,BRN,Brunei Darussalam,,,,,
2008,BGR,Bulgaria,8.45,7.17,7.81,42,2
2008,BFA,Burkina Faso,7.3,5.95,6.62,95,3
2008,BDI,Burundi,6.15,5.01,5.58,130,4
2008,KHM,Cambodia,,,,,
2008,CMR,Cameroon,5.68,5.52,5.6,128,4
2008,CAN,Canada,9.28,8.04,8.66,6,1
2008,CPV,Cape Verde,,,,,
2008,CAF,Central African Republic,6.07,5.18,5.62,127,4
2008,TCD,Chad,5.67,4.84,5.25,137,4
2008,CHL,Chile,8.2,7.8,8,33,1
2008,CHN,China,5.59,6.26,5.92,120,4
2008,COL,Colombia,6.93,6.3,6.62,95,3
2008,COD,"Congo, Democratic Republic of",5.54,5.16,5.35,134,4
2008,COG,"Congo, Republic of",6.48,4.69,5.59,129,4
2008,CRI,Costa Rica,8.3,7.37,7.84,40,2
2008,CIV,Cote d'Ivoire,5.83,5.5,5.67,126,4
2008,HRV,Croatia,8.08,6.72,7.4,53,2
2008,CYP,Cyprus,8.99,7.74,8.37,16,1
2008,CZE,Czech Republic,9.16,7.21,8.18,26,1
2008,DNK,Denmark,9.51,7.88,8.7,4,1
2008,DOM,Dominican Republic,6.99,6.46,6.73,85,3
2008,ECU,Ecuador,7.45,5.82,6.64,94,3
2008,EGY,Egypt,5.47,6.43,5.95,117,4
2008,SLV,El Salvador,7.27,7.53,7.4,53,2
2008,EST,Estonia,9.06,7.77,8.42,12,1
2008,ETH,Ethiopia,5.24,5.35,5.3,135,4
2008,FJI,Fiji,7.72,7.26,7.49,48,2
2008,FIN,Finland,9.51,7.81,8.66,6,1
2008,FRA,France,9.01,7.42,8.21,24,1
2008,GAB,Gabon,5.91,5.85,5.88,122,4
2008,GMB,"Gambia, The",,,,,
2008,GEO,Georgia,7.55,7.57,7.56,45,2
2008,DEU,Germany,9.16,7.5,8.33,19,1
2008,GHA,Ghana,7.48,6.82,7.15,64,2
2008,GRC,Greece,8.79,7.1,7.94,38,2
2008,GTM,Guatemala,7.31,7.21,7.26,59,2
2008,GIN,Guinea,,,,,
2008,GNB,GuineaBissau,6.65,4.81,5.73,125,4
2008,GUY,Guyana,6.98,6.4,6.69,88,3
2008,HTI,Haiti,7.08,6.76,6.92,74,3
2008,HND,Honduras,6.7,7.28,6.99,71,3
2008,HKG,Hong Kong,9.08,9.19,9.14,1,1
2008,HUN,Hungary,8.91,7.2,8.06,30,1
2008,ISL,Iceland,9.23,7.34,8.28,20,1
2008,IND,India,6.62,6.47,6.54,99,3
2008,IDN,Indonesia,7.14,6.39,6.77,82,3
2008,IRN,Iran,4.85,6.06,5.45,132,4
2008,IRL,Ireland,9.13,7.87,8.5,9,1
2008,ISR,Israel,7.61,7.2,7.41,52,2
2008,ITA,Italy,8.86,7.07,7.96,35,1
2008,JAM,Jamaica,7.29,7.27,7.28,57,2
2008,JPN,Japan,8.81,7.65,8.23,22,1
2008,JOR,Jordan,5.87,7.17,6.52,101,3
2008,KAZ,Kazakhstan,6.85,7.04,6.95,73,3
2008,KEN,Kenya,6.53,6.77,6.65,93,3
2008,KOR,"Korea, Republic of",8.87,7.46,8.17,27,1
2008,KWT,Kuwait,6.15,7.03,6.59,97,3
2008,KGZ,Kyrgyz Republic,6.78,6.82,6.8,79,3
2008,LAO,Laos,,,,,
2008,LVA,Latvia,8.65,7.42,8.03,31,1
2008,LBN,Lebanon,,,,,
2008,LSO,Lesotho,5.84,6.07,5.95,117,4
2008,LBR,Liberia,,,,,
2008,LBY,Libya,,,,,
2008,LTU,Lithuania,8.59,7.44,8.02,32,1
2008,LUX,Luxembourg,9.11,7.62,8.37,16,1
2008,MKD,Macedonia,8.24,6.83,7.53,46,2
2008,MDG,Madagascar,6.92,6.07,6.49,102,3
2008,MWI,Malawi,7.27,6.17,6.72,86,3
2008,MYS,Malaysia,6.22,6.61,6.42,104,3
2008,MLI,Mali,6.54,5.89,6.22,112,4
2008,MLT,Malta,9.1,7.59,8.34,18,1
2008,MRT,Mauritania,5.9,5.98,5.94,119,4
2008,MUS,Mauritius,8.47,7.96,8.22,23,1
2008,MEX,Mexico,7.13,6.71,6.92,74,3
2008,MDA,Moldova,7.48,6.91,7.2,62,2
2008,MNG,Mongolia,7.49,6.73,7.11,66,2
2008,MNE,Montenegro,8.15,7.19,7.67,43,2
2008,MAR,Morocco,6.23,6.22,6.23,111,4
2008,MOZ,Mozambique,6.1,5.67,5.89,121,4
2008,MMR,Myanmar,5.6,3.86,4.73,140,4
2008,NAM,Namibia,7.15,6.83,6.99,71,3
2008,NPL,Nepal,7.54,6.03,6.79,80,3
2008,NLD,Netherlands,9.17,7.58,8.38,15,1
2008,NZL,New Zealand,9.43,8.4,8.91,2,1
2008,NIC,Nicaragua,7.37,7.12,7.24,60,2
2008,NER,Niger,6.96,5.39,6.17,114,4
2008,NGA,Nigeria,6.05,6.03,6.04,115,4
2008,NOR,Norway,9.57,7.63,8.6,8,1
2008,OMN,Oman,5.76,7.08,6.42,104,3
2008,PAK,Pakistan,4.75,5.97,5.36,133,4
2008,PAN,Panama,7.64,7.24,7.44,51,2
2008,PNG,Papua New Guinea,6.91,6.77,6.84,78,3
2008,PRY,Paraguay,7.29,6.5,6.89,76,3
2008,PER,Peru,7.27,7.5,7.38,55,2
2008,PHL,Philippines,7.46,6.76,7.11,66,2
2008,POL,Poland,8.99,7,7.99,34,1
2008,PRT,Portugal,9.01,7.21,8.11,28,1
2008,QAT,Qatar,,,,,
2008,ROU,Romania,8.47,7.32,7.9,39,2
2008,RUS,Russia,6.56,6.52,6.54,99,3
2008,RWA,Rwanda,6.57,6.75,6.66,92,3
2008,SAU,Saudia Arabia,,,,,
2008,SEN,Senegal,6.72,5.87,6.3,109,4
2008,SRB,Serbia,7.91,6.55,7.23,61,2
2008,SYC,Seychelles,,,,,
2008,SLE,Sierra Leone,6.64,5.98,6.31,108,4
2008,SGP,Singapore,7.13,8.77,7.95,36,2
2008,SVK,Slovakia,8.88,7.6,8.24,21,1
2008,SVN,Slovenia,8.65,7.01,7.83,41,2
2008,ZAF,South Africa,6.84,6.52,6.68,89,3
2008,ESP,Spain,8.85,7.37,8.11,28,1
2008,LKA,Sri Lanka,5.8,6.26,6.03,116,4
2008,SUR,Suriname,,,,,
2008,SWZ,Swaziland,,,,,
2008,SWE,Sweden,9.38,7.4,8.39,14,1
2008,CHE,Switzerland,9.33,8.24,8.79,3,1
2008,SYR,Syria,5.35,5.62,5.49,131,4
2008,TWN,Taiwan,7.46,7.49,7.47,49,2
2008,TJK,Tajikistan,,,,,
2008,TZA,Tanzania,6.36,6.2,6.28,110,4
2008,THA,Thailand,7.37,6.8,7.08,68,2
2008,TLS,TimorLeste,,,,,
2008,TGO,Togo,6.09,5.67,5.88,122,4
2008,TTO,Trinidad and Tobago,6.98,6.74,6.86,77,3
2008,TUN,Tunisia,5.72,6.68,6.2,113,4
2008,TUR,Turkey,6.63,6.9,6.77,82,3
2008,UGA,Uganda,6.03,7.16,6.59,97,3
2008,UKR,Ukraine,7.49,5.87,6.68,89,3
2008,ARE,United Arab Emirates,5.89,7.68,6.79,80,3
2008,GBR,United Kingdom,8.96,7.96,8.46,10,1
2008,USA,United States,8.73,8.17,8.45,11,1
2008,URY,Uruguay,8.78,7.12,7.95,36,2
2008,VEN,Venezuela,6.34,4.22,5.28,136,4
2008,VNM,Vietnam,6.52,6.19,6.36,106,3
2008,YEM,"Yemen, Rep.",,,,,
2008,ZMB,Zambia,6.21,7.15,6.68,89,3
2008,ZWE,Zimbabwe,5.15,4.55,4.85,139,4
